Amount Spent (TWD),Impressions,Clicks (All),CPC (All) (TWD),CTR (All)
538,3660,107,5.028037,2.923497
508,3964,85,5.976471,2.144299
1847,12263,275,6.716364,2.242518
982,9927,170,5.776471,1.712501
683,3822,114,5.991228,2.982732
1721,12467,238,7.231092,1.90904
2075,16062,321,6.464174,1.998506
3015,18804,392,7.691327,2.084663
2089,13098,278,7.514388,2.122461
2030,13744,287,7.073171,2.088184
2028,14966,308,6.584416,2.057998
1667,10545,221,7.542986,2.09578
